<?xml version="1.0" encoding="UTF-8" ?>
<module>
    <name>hvccpayment</name>
    <displayName><![CDATA[HV Kredi Kartı Modul&uuml;]]></displayName>
    <version><![CDATA[1.0.0]]></version>
    <description><![CDATA[&Ccedil;evrimdışı kredi kartı &ouml;deme y&ouml;ntemi]]></description>
    <author><![CDATA[HV]]></author>
    <tab><![CDATA[payments_gateways]]></tab>
    <is_configurable>0</is_configurable>
    <need_instance>1</need_instance>
	<limited_countries></limited_countries>
</module>